address	label	chain_hint	source_file	source_line	context
0x360602c0dd788c18240249d4d9ed0451f8bd1ee5	ARCHIVE_ADDRESS	arbitrum_sepolia	solidity/scripts/test-slash.js	19	const ARCHIVE_ADDRESS = '0x360602c0dd788C18240249d4d9ED0451f8bD1ee5'
0x78569305b07972350ff55e1aa5d399adc9dcdda3	CAW_ACTIONS_ARCHIVE_ADDRESS	arbitrum_sepolia	client/src/abi/addresses.ts.example	29	export const CAW_ACTIONS_ARCHIVE_ADDRESS = '0x78569305b07972350fF55e1aa5d399ADC9dCdDA3' as const;
0x3b2a9ac4f274ee6e73cbad198f80f455e70c3c05	UNKNOWN	arbitrum_sepolia	client/src/abi/deployments.ts	84	CawActionsArchive: '0x3b2A9ac4f274eE6E73CbAD198F80f455e70C3C05',
0x5bcbb34f51156d605331f9d6f76a44dea1d279e5	UNKNOWN	arbitrum_sepolia	client/src/abi/deployments.ts	90	CawActionsArchive: '0x5bCbB34f51156D605331f9d6F76a44DEa1d279E5',
0x3b2a9ac4f274ee6e73cbad198f80f455e70c3c05	_L2	arbitrum_sepolia	solidity/.deploy-state.json	19	"""CawActionsArchive_L2"": ""0x3b2A9ac4f274eE6E73CbAD198F80f455e70C3C05"","
0x5bcbb34f51156d605331f9d6f76a44dea1d279e5	_L2	arbitrum_sepolia	solidity/.deploy-state.json	20	"""CawActionsArchive_L2b"": ""0x5bCbB34f51156D605331f9d6F76a44DEa1d279E5"","
0x701cae1460569acc64d69b0b757ae847e1565b94	CAW_ACTIONS_ADDRESS	base_sepolia	client/src/abi/addresses.ts.example	24	"export const CAW_ACTIONS_ADDRESS = ""0x701Cae1460569acc64d69B0B757AE847E1565B94"" as const;"
0x74de2ace81ec0be0b1dc7614679dc50254c4305f	CAW_ACTIONS_ADDRESS	base_sepolia	solidity/scripts/test-slash.js	21	const CAW_ACTIONS_ADDRESS = '0x74dE2aCE81EC0be0b1DC7614679dc50254c4305f'
0xaee8a40eede3c17da85339f97472c32618aea905	CAW_ACTIONS_MAINNET_ADDRESS	base_sepolia	client/src/abi/addresses.ts.example	23	export const CAW_ACTIONS_MAINNET_ADDRESS = '0xaEE8a40EEDe3c17dA85339F97472c32618AEa905' as const;
0xb379a474c770cb5e7657c8ecc0ff2f7d2863b5bb	CAW_NAMES_L2_ADDRESS	base_sepolia	client/src/abi/addresses.ts.example	21	"export const CAW_NAMES_L2_ADDRESS = ""0xB379a474C770CB5e7657C8EcC0FF2f7D2863b5bb"" as const;"
0xfb9d00d70c747995f2c9d3b31b998bc0c218a399	CAW_NAMES_L2_MAINNET_ADDRESS	base_sepolia	client/src/abi/addresses.ts.example	22	export const CAW_NAMES_L2_MAINNET_ADDRESS = '0xfB9D00d70C747995f2c9D3b31B998bC0C218A399' as const;
0x55c66cabf9766aefb3a770d9ea64e218df195d9b	L2A	base_sepolia	solidity/scripts/l2_helpers.js	15	cawProfilesL2Address = '0x55C66CAbF9766AeFB3a770d9ea64E218dF195D9B';
0x56817dc696448135203c0556f702c6a953260411	L2A	base_sepolia	solidity/scripts/helpers.js	38	//   cawProfilesL2Address = '0x56817dc696448135203C0556f702c6a953260411';
0x0000000000000000000000000000000000000000	L2M	base_sepolia	solidity/test/multi-layer-test.js	636	"cawActionsMainnet = cawActionsMainnet || await CawActions.new(cawProfilesL2Mainnet.address, ""0x0000000000000000000000000000000000000000"", ""0x0000000000000000000000000000000000000000000000000000000000000000"");"
0xa4d38428641e9285eb2798b418c8634a0fcb8131	L2M	base_sepolia	solidity/scripts/helpers.js	19	cawProfilesL2MainnetAddress = '0xa4d38428641E9285eb2798B418C8634A0fcB8131'
0xa99936edd087ce11824232ebd83b036c90163688	L2_L1	base_sepolia	solidity/.deploy-state.json	13	"""CawProfileL2_L1"": ""0xa99936edD087cE11824232ebD83B036C90163688"","
0x0c3e245f3939b4d9f30e088988dd9d7c8f86b11d	L2_L2	base_sepolia	solidity/.deploy-state.json	5	"""CawProfileL2_L2"": ""0x0c3e245f3939B4D9f30e088988dD9D7C8F86b11d"","
0xbb9c2a3e8222d13f9e8469bb71ce62c3c2e82941	L2_L2	base_sepolia	solidity/.deploy-state.json	4	"""CawProfileL2_L2b"": ""0xbB9c2A3e8222d13f9E8469BB71cE62c3c2E82941"","
0x0000000000000000000000000000000000000000	UNKNOWN	base_sepolia	solidity/test/replication-reconstruct-test.js	254	"const cawActions = await CawActions.new(cawProfileL2.address, ""0x0000000000000000000000000000000000000000"", ""0x0000000000000000000000000000000000000000000000000000000000000000"");"
0x0c3e245f3939b4d9f30e088988dd9d7c8f86b11d	UNKNOWN	base_sepolia	client/src/abi/deployments.ts	82	CawProfileL2: '0x0c3e245f3939B4D9f30e088988dD9D7C8F86b11d',
0x287b249b58bf65411d4da89dadef0e30496a0d4c	UNKNOWN	base_sepolia	client/src/abi/deployments.ts	89	CawActions: '0x287b249B58bF65411D4Da89dAdEF0e30496a0D4c',
0x4c49b7b1f3b02aa0a0121968a6bc30b593be7a19	UNKNOWN	base_sepolia	solidity/scripts/helpers.js	39	"// cawActionsAddress = ""0x4C49b7B1F3b02Aa0a0121968a6bC30B593bE7a19"";"
0x5674e4658b988ed9337dd0caa493c6aa908006af	UNKNOWN	base_sepolia	client/src/abi/deployments.ts	83	CawActions: '0x5674e4658b988Ed9337DD0CAa493C6aA908006af',
0x6b22437861ecc2ea93fecb742ea3bd5e1d3c7307	UNKNOWN	base_sepolia	solidity/docs/TESTNET_MINTING.md	7	"CawActions: <a href=""https://goerli.etherscan.io/address/0x6B22437861eCC2Ea93fEcB742EA3BD5E1d3C7307#code"">0x6B22437861eCC2Ea93fEcB742EA3BD5E1d3C7307</a>"
0xa99936edd087ce11824232ebd83b036c90163688	UNKNOWN	base_sepolia	client/src/abi/deployments.ts	69	CawProfileL2: '0xa99936edD087cE11824232ebD83B036C90163688',
0xbb9c2a3e8222d13f9e8469bb71ce62c3c2e82941	UNKNOWN	base_sepolia	client/src/abi/deployments.ts	88	CawProfileL2: '0xbB9c2A3e8222d13f9E8469BB71cE62c3c2E82941',
0xd20be35d2365c0f7daf563a47b29eb5a165c2007	UNKNOWN	base_sepolia	client/src/abi/deployments.ts	79	CawActions: '0xD20bE35D2365C0f7DaF563A47b29eB5a165C2007',
0xf2a38f77790773a09099cad81694cb813ede57de	UNKNOWN	base_sepolia	solidity/test/zk-fixtures/groth16-fixture.json	5	"""packedActionsHash"": ""0xf2a38f77790773a09099cad81694cb813ede57dee58b7fd6b469de2cd6b55e2a"","
0xf3ff3891332be3cb0a28b94218b416454133b26f	UNKNOWN	base_sepolia	solidity/scripts/l2_helpers.js	16	"cawActionsAddress = ""0xf3FF3891332be3Cb0A28B94218b416454133b26f"";"
0xfd0ade8a11bdd8771b3112c91294edb1597a1f4d	UNKNOWN	base_sepolia	solidity/scripts/helpers.js	21	cawActionsMainnetAddress = '0xfD0Ade8a11BDd8771b3112C91294Edb1597A1F4D'
0xd20be35d2365c0f7daf563a47b29eb5a165c2007	_L1	base_sepolia	solidity/.deploy-state.json	16	"""CawActions_L1"": ""0xD20bE35D2365C0f7DaF563A47b29eB5a165C2007"","
0x287b249b58bf65411d4da89dadef0e30496a0d4c	_L2	base_sepolia	solidity/.deploy-state.json	18	"""CawActions_L2b"": ""0x287b249B58bF65411D4Da89dAdEF0e30496a0D4c"","
0x454450aa713a99b06ee4aa05ede5d80ca1bd3075	_L2	base_sepolia	solidity/.deploy-state.json	22	"""CawChallengeRelay_L2b"": ""0x454450aA713A99B06EE4aA05Ede5d80ca1bd3075"","
0x5674e4658b988ed9337dd0caa493c6aa908006af	_L2	base_sepolia	solidity/.deploy-state.json	17	"""CawActions_L2"": ""0x5674e4658b988Ed9337DD0CAa493C6aA908006af"","
0x8195a9a8a97658672d5384e19a763804d6e16639	_L2	base_sepolia	solidity/.deploy-state.json	21	"""CawChallengeRelay_L2"": ""0x8195A9a8a97658672d5384e19a763804D6E16639"","
0x14ffaceb52025d2a04f3fa997e3946b17eb28af2	CAW_NAMES_ADDRESS	sepolia	client/src/abi/addresses.ts.example	16	export const CAW_NAMES_ADDRESS = '0x14FFACEB52025d2A04f3FA997e3946b17eB28aF2' as const;
0x4524922c4614dbbb79fccdce6d2c41caf563fe04	CLIENT_MANAGER_ADDRESS	sepolia	client/src/abi/addresses.ts.example	20	export const CLIENT_MANAGER_ADDRESS = '0x4524922C4614DBbb79FCcdce6d2c41CaF563FE04' as const;
0x0bc5f399265fa0fb95f5473c8ec1737d1dbb015c	CAW	unknown	solidity/docs/TESTNET_MINTING.md	3	"MintableCAW: <a href=""https://goerli.etherscan.io/token/0x0bc5f399265fA0Fb95F5473c8ec1737d1dBB015c#code"">0x0bc5f399265fA0Fb95F5473c8ec1737d1dBB015c</a>"
0xdead000000000000000042069420694206942069	CAW	unknown	solidity/contracts/CawProfileMinter.sol	137	CAW.transferFrom(_msgSender(), address(0xdEAD000000000000000042069420694206942069), burnAmount);
0x56817dc696448135203c0556f702c6a953260411	CAW_ADDRESS	unknown	client/src/abi/addresses.ts.example	15	"export const CAW_ADDRESS = ""0x56817dc696448135203C0556f702c6a953260411"" as const;"
0xbe2329e895e0c8e2934c8b3096445c9a11c99d49	CAW_CHALLENGE_RELAY_ADDRESS	unknown	client/src/abi/addresses.ts.example	30	export const CAW_CHALLENGE_RELAY_ADDRESS = '0xBE2329e895e0c8e2934c8b3096445c9a11C99d49' as const;
0xbacef3de5a2c8036268df5a59c3cce2fbd533883	CAW_NAMES_MINTER_ADDRESS	unknown	client/src/abi/addresses.ts.example	18	export const CAW_NAMES_MINTER_ADDRESS = '0xbacef3De5A2c8036268df5a59c3cce2fbd533883' as const;
0x5696675ab8e8e82cbe46c805f47875cf836bfd2a	CAW_NAME_MARKETPLACE_ADDRESS	unknown	client/src/abi/addresses.ts.example	31	export const CAW_NAME_MARKETPLACE_ADDRESS = '0x5696675aB8e8E82cBe46C805F47875CF836bFd2A' as const; // Updated after deployment
0x92a2d161c13539ed7646e0be5d464495dddfed17	CAW_NAME_QUOTER_ADDRESS	unknown	client/src/abi/addresses.ts.example	17	export const CAW_NAME_QUOTER_ADDRESS = '0x92A2d161c13539eD7646e0BE5D464495DddfeD17' as const;
0xf71338f3eaa483aa66125598b09ba1988e694a95	EXPECTED_DEPLOYER	unknown	solidity/scripts/deploy.js	101	const EXPECTED_DEPLOYER = '0xF71338f3eAa483aA66125598B09BA1988e694a95';
0xf3b9569f82b18aef890de263b84189bd33ebe452	MAINNET_CAW_ADDRESS	unknown	client/src/services/ChainSyncService/index.ts	11	const MAINNET_CAW_ADDRESS = '0xf3b9569F82B18aEf890De263B84189bd33EBe452'
0xb3ff59926e50596c1563bb703455050256e70951	RELAY_ADDRESS	unknown	solidity/scripts/test-slash.js	20	const RELAY_ADDRESS = '0xb3fF59926e50596C1563BB703455050256E70951'
0x0000000000000000000000000000000000000000	UNKNOWN	unknown	client/src/services/ChainSyncService/index.ts	128	if (client.ownerAddress === '0x0000000000000000000000000000000000000000') {
0x1641b0c89b42d19d58f206b81b170325a3e160ad	UNKNOWN	unknown	solidity/scripts/helpers.js	20	cawProfilesMinterAddress = '0x1641b0c89B42D19d58F206b81b170325a3E160aD'
0x1a44076050125825900e736c501f859c50fe728c	UNKNOWN	unknown	solidity/scripts/deploy.js	154	lzEndpoint: '0x1a44076050125825900e736c501f859c50fe728c',
0x1b5ee1c13c7d4135ee4173ca4d0df2b847e84199	UNKNOWN	unknown	client/src/abi/deployments.ts	78	MockSwapRouter: '0x1b5ee1C13c7D4135Ee4173Ca4D0dF2B847E84199',
0x1d084cb5f219627285a83a8ce6f70d4eba98fbf3	UNKNOWN	unknown	client/src/abi/deployments.ts	76	CawFontDataB: '0x1D084Cb5F219627285a83A8ce6F70d4EBa98fBf3',
0x27108da237a5200fbcb3fc62ee08ee07d84a1331	UNKNOWN	unknown	solidity/docs/TESTNET_MINTING.md	20	This contract was written in a way that ensures permanent ownership and permanent pricing for minting Caw Usernames, but allows the deployer to change the metadata and the display image by assigning a new display generating contract address. The current displa
0x2f55c492897526677c5b68fb199ea31e2c126416	UNKNOWN	unknown	solidity/scripts/deploy.js	197	dvn: '0x2f55c492897526677c5b68fb199ea31e2c126416',
0x3100b1e890b7a4f3da0b6be0388a9b2aff9c8e79	UNKNOWN	unknown	client/src/abi/deployments.ts	72	CawProfileQuoter: '0x3100B1e890B7a4F3dA0B6Be0388A9b2aFF9c8e79',
0x328b5b2179effc94b61d900807312a104a209d6e	UNKNOWN	unknown	solidity/scripts/helpers.js	17	clientManagerAddress = '0x328b5B2179EFfc94b61D900807312A104A209D6e'
0x3f63ad5e6309135a9d5fd3540270b93f56fd9cd9	UNKNOWN	unknown	solidity/docs/TESTNET_MINTING.md	5	"CawName: <a href=""https://goerli.etherscan.io/token/0x3F63Ad5E6309135a9D5fD3540270b93f56FD9CD9#code"">0x3F63Ad5E6309135a9D5fD3540270b93f56FD9CD9</a>"
0x454450aa713a99b06ee4aa05ede5d80ca1bd3075	UNKNOWN	unknown	client/src/abi/deployments.ts	91	CawChallengeRelay: '0x454450aA713A99B06EE4aA05Ede5d80ca1bd3075',
0x56817dc696448135203c0556f702c6a953260411	UNKNOWN	unknown	client/src/abi/deployments.ts	67	MintableCaw: '0x56817dc696448135203C0556f702c6a953260411',
0x56f0d5da1bc735e03d6a4cd988784ed498fd9ee3	UNKNOWN	unknown	solidity/docs/TESTNET_MINTING.md	11	"CawNameMinter: <a href=""https://goerli.etherscan.io/address/0x56F0d5DA1Bc735e03d6A4cd988784ED498FD9Ee3#code"">0x56F0d5DA1Bc735e03d6A4cd988784ED498FD9Ee3</a>"
0x5860d1e0b1bce200b273f41716f5db200fc7f486	UNKNOWN	unknown	client/src/abi/deployments.ts	77	CawBuyAndBurn: '0x5860d1E0b1bcE200B273f41716f5dB200FC7f486',
0x589dedbd617e0cbcb916a9223f4d1300c294236b	UNKNOWN	unknown	solidity/scripts/deploy.js	181	dvn: '0x589dedbd617e0cbcb916a9223f4d1300c294236b',
0x5fe2f174fe51474cd198939c96e7db65983ea307	UNKNOWN	unknown	solidity/scripts/deploy.js	207	MintableCaw: '0x5fe2f174fe51474Cd198939C96e7dB65983EA307',
0x6404d1d3d878407a0977d99c832453f235da67c3	UNKNOWN	unknown	client/src/abi/deployments.ts	73	CawProfileMarketplace: '0x6404d1D3D878407a0977d99C832453f235DA67C3',
0x6edce65403992e310a62460808c4b910d972f10f	UNKNOWN	unknown	solidity/scripts/deploy.js	130	lzEndpoint: '0x6EDCE65403992e310A62460808c4b910D972f10f',
0x8195a9a8a97658672d5384e19a763804d6e16639	UNKNOWN	unknown	client/src/abi/deployments.ts	85	CawChallengeRelay: '0x8195A9a8a97658672d5384e19a763804D6E16639',
0x8d65d141a60b1e1136be62604783aade8e7290d9	UNKNOWN	unknown	client/src/abi/deployments.ts	71	CawProfileMinter: '0x8D65D141a60b1E1136Be62604783AADe8E7290D9',
0x8eebf8b423b73bfca51a1db4b7354aa0bfca9193	UNKNOWN	unknown	solidity/scripts/deploy.js	132	dvn: '0x8eebf8b423b73bfca51a1db4b7354aa0bfca9193',
0x9e059a54699a285714207b43b055483e78faac25	UNKNOWN	unknown	solidity/scripts/deploy.js	189	dvn: '0x9e059a54699a285714207b43b055483e78faac25',
0x9fcbb3d6880cd3293f1a731fe6c958a6621a74bf	UNKNOWN	unknown	client/src/abi/deployments.ts	68	CawProfile: '0x9fcbb3d6880cD3293F1a731Fe6c958a6621a74bF',
0xa0b86991c6218b36c1d19d4a2e9eb0ce3606eb48	UNKNOWN	unknown	solidity/scripts/deploy.js	222	'0xA0b86991c6218b36c1d19D4a2e9Eb0cE3606eB48', // USDC
0xa5c515d35c291110090b6edc4278acdef1424c7a	UNKNOWN	unknown	client/src/abi/deployments.ts	70	CawClientManager: '0xA5C515D35C291110090b6edc4278acdEf1424C7a',
0xb7ec882a2a8fc7adda25492b4440da5a0a43b8cf	UNKNOWN	unknown	client/src/abi/deployments.ts	75	CawFontDataA: '0xB7ec882a2a8Fc7aDDa25492b4440da5A0a43B8cf',
0xc02aaa39b223fe8d0a0e5c4f27ead9083c756cc2	UNKNOWN	unknown	solidity/scripts/deploy.js	221	'0xC02aaA39b223FE8D0A0e5C4F27eAD9083C756Cc2', // WETH
0xd28b4ec3ca532053d6ae8023169b185bdf19773f	UNKNOWN	unknown	solidity/scripts/helpers.js	16	uriGeneratorAddress = '0xD28b4EC3CA532053D6AE8023169b185Bdf19773f'
0xdac17f958d2ee523a2206206994597c13d831ec7	UNKNOWN	unknown	solidity/scripts/deploy.js	223	'0xdAC17F958D2ee523a2206206994597C13D831ec7', // USDT
0xe1a12515f9ab2764b887bf60b923ca494ebbb2d6	UNKNOWN	unknown	solidity/scripts/deploy.js	140	dvn: '0xe1a12515f9ab2764b887bf60b923ca494ebbb2d6',
0xec947761e38dbd47e53fe15adc5519ccf2cc7ea5	UNKNOWN	unknown	solidity/scripts/helpers.js	18	cawProfilesAddress = '0xec947761e38DBd47e53fe15adc5519CcF2Cc7Ea5'
0xf3b9569f82b18aef890de263b84189bd33ebe452	UNKNOWN	unknown	client/src/abi/deployments.ts	97	MintableCaw: '0xf3b9569F82B18aEf890De263B84189bd33EBe452',
0xf71338f3eaa483aa66125598b09ba1988e694a95	UNKNOWN	unknown	solidity/.deploy-state.json	28	"""deployerAddress"": ""0xF71338f3eAa483aA66125598B09BA1988e694a95"","
0x27108da237a5200fbcb3fc62ee08ee07d84a1331	URI	unknown	solidity/docs/TESTNET_MINTING.md	9	"CawNameURI: <a href=""https://goerli.etherscan.io/address/0x27108Da237A5200fBcb3fc62eE08Ee07D84a1331#code"">0x27108Da237A5200fBcb3fc62eE08Ee07D84a1331</a>"
0x9ceffadc838a39d10a241d9a473844ef0cb6274f	URI	unknown	client/src/abi/deployments.ts	74	CawProfileURI: '0x9CEffADC838a39D10a241d9A473844Ef0cB6274f',
0xfd3dc7f5337e5f5b3d532305c915b072fb75bc21	URI_GENERATOR_ADDRESS	unknown	client/src/abi/addresses.ts.example	19	export const URI_GENERATOR_ADDRESS = '0xfD3dC7f5337e5f5b3D532305c915B072fb75bc21' as const;
0xa0b86991c6218b36c1d19d4a2e9eb0ce3606eb48	USDC	unknown	client/src/abi/addresses.ts.example	10	// Mainnet: USDC 0xA0b86991c6218b36c1d19D4a2e9Eb0cE3606eB48, USDT 0xdAC17F958D2ee523a2206206994597C13D831ec7
0xdac17f958d2ee523a2206206994597c13d831ec7	USDC	unknown	client/src/abi/addresses.ts.example	10	// Mainnet: USDC 0xA0b86991c6218b36c1d19D4a2e9Eb0cE3606eB48, USDT 0xdAC17F958D2ee523a2206206994597C13D831ec7
0xa0b86991c6218b36c1d19d4a2e9eb0ce3606eb48	USDC_ADDRESS	unknown	client/src/abi/addresses.ts.example	11	"export const USDC_ADDRESS = ""0xA0b86991c6218b36c1d19D4a2e9Eb0cE3606eB48"" as const;"
0xdac17f958d2ee523a2206206994597c13d831ec7	USDT_ADDRESS	unknown	client/src/abi/addresses.ts.example	12	"export const USDT_ADDRESS = ""0xdAC17F958D2ee523a2206206994597C13D831ec7"" as const;"
0xc02aaa39b223fe8d0a0e5c4f27ead9083c756cc2	WETH_ADDRESS	unknown	client/src/abi/addresses.ts.example	9	"export const WETH_ADDRESS = ""0xc02aaa39b223fe8d0a0e5c4f27ead9083c756cc2"" as const;"
0xf3b9569f82b18aef890de263b84189bd33ebe452	OFFICIAL_CAW_TOKEN	ethereum	uploaded_evidence		Official CAW token from uploaded evidence / Team Finance references
